{
  "benchmark": "pope_adv",
  "model_id": "direct_normal_dpo_b32_e1",
  "metrics": {
    "f1": 83.88252148997134,
    "pope_adv_f1": 83.88252148997134,
    "precision": 90.63467492260062,
    "recall": 78.06666666666666,
    "accuracy": 85.0
  },
  "comparable_to_paper": true,
  "comparison_note": null
}