{
  "benchmark": "pope_adv",
  "model_id": "llava15_base_7b",
  "metrics": {
    "f1": 84.18439716312058,
    "pope_adv_f1": 84.18439716312058,
    "precision": 89.92424242424242,
    "recall": 79.13333333333334,
    "accuracy": 85.13333333333334
  },
  "comparable_to_paper": true,
  "comparison_note": null
}