{
  "best_global_step": null,
  "best_metric": null,
  "best_model_checkpoint": null,
  "epoch": 0.9962788389977673,
  "eval_steps": -251,
  "global_step": 251,
  "is_hyper_param_search": false,
  "is_local_process_zero": true,
  "is_world_process_zero": true,
  "log_history": [
    {
      "epoch": 0.03969238402381543,
      "grad_norm": 9.353530378411486,
      "learning_rate": 1.999916429855437e-06,
      "logits/chosen": 0.22883012890815735,
      "logits/rejected": 0.253597229719162,
      "loss": 22.4886,
      "policy_logps/chosen": -76.34845733642578,
      "policy_logps/rejected": -73.30824279785156,
      "referece_logps/chosen": -76.36192321777344,
      "referece_logps/rejected": -73.30394744873047,
      "rewards/accuracies": 0.39375001192092896,
      "rewards/chosen": 0.0013471513520926237,
      "rewards/margins": 0.001776224235072732,
      "rewards/rejected": -0.00042907302849926054,
      "step": 10
    },
    {
      "epoch": 0.07938476804763087,
      "grad_norm": 16.12821056935718,
      "learning_rate": 1.989904902699727e-06,
      "logits/chosen": 0.23082098364830017,
      "logits/rejected": 0.24744264781475067,
      "loss": 22.3929,
      "policy_logps/chosen": -72.90509033203125,
      "policy_logps/rejected": -69.30242919921875,
      "referece_logps/chosen": -72.9360122680664,
      "referece_logps/rejected": -69.25382232666016,
      "rewards/accuracies": 0.6031249761581421,
      "rewards/chosen": 0.0030917953699827194,
      "rewards/margins": 0.00795242004096508,
      "rewards/rejected": -0.004860623273998499,
      "step": 20
    },
    {
      "epoch": 0.11907715207144628,
      "grad_norm": 12.60832302594056,
      "learning_rate": 1.9633708786158803e-06,
      "logits/chosen": 0.2076357901096344,
      "logits/rejected": 0.2188011109828949,
      "loss": 22.2994,
      "policy_logps/chosen": -74.66459655761719,
      "policy_logps/rejected": -72.46633911132812,
      "referece_logps/chosen": -74.747802734375,
      "referece_logps/rejected": -72.41230773925781,
      "rewards/accuracies": 0.6187499761581421,
      "rewards/chosen": 0.008320124819874763,
      "rewards/margins": 0.013723495416343212,
      "rewards/rejected": -0.0054033719934523106,
      "step": 30
    },
    {
      "epoch": 0.15876953609526173,
      "grad_norm": 9.720274597390059,
      "learning_rate": 1.9207572368443383e-06,
      "logits/chosen": 0.22758302092552185,
      "logits/rejected": 0.24491222202777863,
      "loss": 22.1869,
      "policy_logps/chosen": -73.06388092041016,
      "policy_logps/rejected": -67.66343688964844,
      "referece_logps/chosen": -73.20184326171875,
      "referece_logps/rejected": -67.59009552001953,
      "rewards/accuracies": 0.690625011920929,
      "rewards/chosen": 0.013796376064419746,
      "rewards/margins": 0.021131344139575958,
      "rewards/rejected": -0.007334965281188488,
      "step": 40
    },
    {
      "epoch": 0.19846192011907715,
      "grad_norm": 6.335441493068646,
      "learning_rate": 1.8627752414301084e-06,
      "logits/chosen": 0.2415703982114792,
      "logits/rejected": 0.26453331112861633,
      "loss": 22.1453,
      "policy_logps/chosen": -66.8453140258789,
      "policy_logps/rejected": -63.497108459472656,
      "referece_logps/chosen": -67.00399780273438,
      "referece_logps/rejected": -63.41728973388672,
      "rewards/accuracies": 0.659375011920929,
      "rewards/chosen": 0.015869082883000374,
      "rewards/margins": 0.02385033667087555,
      "rewards/rejected": -0.007981255650520325,
      "step": 50
    },
    {
      "epoch": 0.23815430414289257,
      "grad_norm": 3.796394986431176,
      "learning_rate": 1.7903926695187592e-06,
      "logits/chosen": 0.23454490303993225,
      "logits/rejected": 0.24476251006126404,
      "loss": 22.0194,
      "policy_logps/chosen": -70.85061645507812,
      "policy_logps/rejected": -63.57634353637695,
      "referece_logps/chosen": -71.07847595214844,
      "referece_logps/rejected": -63.48469161987305,
      "rewards/accuracies": 0.734375,
      "rewards/chosen": 0.022786302492022514,
      "rewards/margins": 0.031950537115335464,
      "rewards/rejected": -0.0091642364859581,
      "step": 60
    },
    {
      "epoch": 0.277846688166708,
      "grad_norm": 4.726999774174988,
      "learning_rate": 1.704817658193756e-06,
      "logits/chosen": 0.20871496200561523,
      "logits/rejected": 0.23622921109199524,
      "loss": 21.7384,
      "policy_logps/chosen": -75.55830383300781,
      "policy_logps/rejected": -71.45484924316406,
      "referece_logps/chosen": -75.91545104980469,
      "referece_logps/rejected": -71.30940246582031,
      "rewards/accuracies": 0.765625,
      "rewards/chosen": 0.035715024918317795,
      "rewards/margins": 0.05025855451822281,
      "rewards/rejected": -0.01454352866858244,
      "step": 70
    },
    {
      "epoch": 0.31753907219052346,
      "grad_norm": 2.8540031256405656,
      "learning_rate": 1.6074785394674835e-06,
      "logits/chosen": 0.22880475223064423,
      "logits/rejected": 0.24727138876914978,
      "loss": 21.7279,
      "policy_logps/chosen": -65.48489379882812,
      "policy_logps/rejected": -61.64470672607422,
      "referece_logps/chosen": -65.79042053222656,
      "referece_logps/rejected": -61.43635940551758,
      "rewards/accuracies": 0.768750011920929,
      "rewards/chosen": 0.03055209293961525,
      "rewards/margins": 0.05138738825917244,
      "rewards/rejected": -0.02083529904484749,
      "step": 80
    },
    {
      "epoch": 0.3572314562143389,
      "grad_norm": 5.909797658167488,
      "learning_rate": 1.5e-06,
      "logits/chosen": 0.22422084212303162,
      "logits/rejected": 0.24109871685504913,
      "loss": 21.4885,
      "policy_logps/chosen": -70.67929077148438,
      "policy_logps/rejected": -67.04781341552734,
      "referece_logps/chosen": -71.06785583496094,
      "referece_logps/rejected": -66.76753234863281,
      "rewards/accuracies": 0.800000011920929,
      "rewards/chosen": 0.03885737061500549,
      "rewards/margins": 0.06688620150089264,
      "rewards/rejected": -0.0280288215726614,
      "step": 90
    },
    {
      "epoch": 0.3969238402381543,
      "grad_norm": 6.37689275864307,
      "learning_rate": 1.3841759634635176e-06,
      "logits/chosen": 0.21369627118110657,
      "logits/rejected": 0.2254084348678589,
      "loss": 21.2132,
      "policy_logps/chosen": -77.14842224121094,
      "policy_logps/rejected": -74.60245513916016,
      "referece_logps/chosen": -77.58001708984375,
      "referece_logps/rejected": -74.18278503417969,
      "rewards/accuracies": 0.8343750238418579,
      "rewards/chosen": 0.04315953329205513,
      "rewards/margins": 0.08512657880783081,
      "rewards/rejected": -0.04196705296635628,
      "step": 100
    },
    {
      "epoch": 0.4366162242619697,
      "grad_norm": 10.5981282884321,
      "learning_rate": 1.2619396481729059e-06,
      "logits/chosen": 0.23607957363128662,
      "logits/rejected": 0.26154202222824097,
      "loss": 21.1548,
      "policy_logps/chosen": -75.39537048339844,
      "policy_logps/rejected": -66.73541259765625,
      "referece_logps/chosen": -75.9085922241211,
      "referece_logps/rejected": -66.3464126586914,
      "rewards/accuracies": 0.7718750238418579,
      "rewards/chosen": 0.051322244107723236,
      "rewards/margins": 0.09022214263677597,
      "rewards/rejected": -0.03889989107847214,
      "step": 110
    },
    {
      "epoch": 0.47630860828578514,
      "grad_norm": 6.790892674545392,
      "learning_rate": 1.1353312997501312e-06,
      "logits/chosen": 0.22647270560264587,
      "logits/rejected": 0.2571988105773926,
      "loss": 20.9799,
      "policy_logps/chosen": -76.07530212402344,
      "policy_logps/rejected": -72.88768005371094,
      "referece_logps/chosen": -76.62837982177734,
      "referece_logps/rejected": -72.4212417602539,
      "rewards/accuracies": 0.78125,
      "rewards/chosen": 0.055307429283857346,