{
  "benchmark": "pope_adv",
  "model_id": "api_verified_margin_hsa_b32_e1",
  "metrics": {
    "f1": 83.86866523911492,
    "pope_adv_f1": 83.86866523911492,
    "precision": 90.2457757296467,
    "recall": 78.33333333333333,
    "accuracy": 84.93333333333334
  },
  "comparable_to_paper": true,
  "comparison_note": null
}