{
  "best_global_step": null,
  "best_metric": null,
  "best_model_checkpoint": null,
  "epoch": 0.9997615072740281,
  "eval_steps": -262,
  "global_step": 262,
  "is_hyper_param_search": false,
  "is_local_process_zero": true,
  "is_world_process_zero": true,
  "log_history": [
    {
      "epoch": 0.038158836155497255,
      "grad_norm": 9.073405128332059,
      "learning_rate": 1.999923511388017e-06,
      "logits/chosen": 0.22434909641742706,
      "logits/rejected": 0.251598984003067,
      "loss": 22.1929,
      "policy_logps/chosen": -71.93960571289062,
      "policy_logps/rejected": -67.00505065917969,
      "referece_logps/chosen": -71.95317077636719,
      "referece_logps/rejected": -67.02104187011719,
      "rewards/accuracies": 0.40312498807907104,
      "rewards/chosen": 0.0013571390882134438,
      "rewards/margins": -0.0002432245819363743,
      "rewards/rejected": 0.0016003632918000221,
      "step": 10
    },
    {
      "epoch": 0.07631767231099451,
      "grad_norm": 5.927699370271534,
      "learning_rate": 1.990759027734458e-06,
      "logits/chosen": 0.22339209914207458,
      "logits/rejected": 0.24792341887950897,
      "loss": 22.1346,
      "policy_logps/chosen": -71.90271759033203,
      "policy_logps/rejected": -64.48490905761719,
      "referece_logps/chosen": -71.89081573486328,
      "referece_logps/rejected": -64.44908142089844,
      "rewards/accuracies": 0.534375011920929,
      "rewards/chosen": -0.0011896546930074692,
      "rewards/margins": 0.002393469912931323,
      "rewards/rejected": -0.0035831246059387922,
      "step": 20
    },
    {
      "epoch": 0.11447650846649177,
      "grad_norm": 3.932589716665918,
      "learning_rate": 1.96645730641436e-06,
      "logits/chosen": 0.19063547253608704,
      "logits/rejected": 0.21467845141887665,
      "loss": 22.025,
      "policy_logps/chosen": -78.67144775390625,
      "policy_logps/rejected": -69.61155700683594,
      "referece_logps/chosen": -78.68605041503906,
      "referece_logps/rejected": -69.54023742675781,
      "rewards/accuracies": 0.590624988079071,
      "rewards/chosen": 0.0014615876134485006,
      "rewards/margins": 0.008594820275902748,
      "rewards/rejected": -0.007133232895284891,
      "step": 30
    },
    {
      "epoch": 0.15263534462198902,
      "grad_norm": 10.752854665122515,
      "learning_rate": 1.92738963945841e-06,
      "logits/chosen": 0.2273297756910324,
      "logits/rejected": 0.24017426371574402,
      "loss": 21.9189,
      "policy_logps/chosen": -67.7660140991211,
      "policy_logps/rejected": -61.41889572143555,
      "referece_logps/chosen": -67.82795715332031,
      "referece_logps/rejected": -61.3299674987793,
      "rewards/accuracies": 0.643750011920929,
      "rewards/chosen": 0.0061943912878632545,
      "rewards/margins": 0.015087279491126537,
      "rewards/rejected": -0.008892889134585857,
      "step": 40
    },
    {
      "epoch": 0.19079418077748628,
      "grad_norm": 4.740081387572703,
      "learning_rate": 1.8741529192927526e-06,
      "logits/chosen": 0.18357935547828674,
      "logits/rejected": 0.21709971129894257,
      "loss": 21.7695,
      "policy_logps/chosen": -78.55854034423828,
      "policy_logps/rejected": -73.87826538085938,
      "referece_logps/chosen": -78.62944030761719,
      "referece_logps/rejected": -73.71571350097656,
      "rewards/accuracies": 0.6812499761581421,
      "rewards/chosen": 0.0070909722708165646,
      "rewards/margins": 0.023346852511167526,
      "rewards/rejected": -0.016255881637334824,
      "step": 50
    },
    {
      "epoch": 0.22895301693298353,
      "grad_norm": 3.5035522247891793,
      "learning_rate": 1.8075605191627238e-06,
      "logits/chosen": 0.23904800415039062,
      "logits/rejected": 0.2709045708179474,
      "loss": 21.667,
      "policy_logps/chosen": -69.82730102539062,
      "policy_logps/rejected": -66.1851577758789,
      "referece_logps/chosen": -69.92707824707031,
      "referece_logps/rejected": -65.99180603027344,
      "rewards/accuracies": 0.721875011920929,
      "rewards/chosen": 0.00997701846063137,
      "rewards/margins": 0.029312094673514366,
      "rewards/rejected": -0.019335074350237846,
      "step": 60
    },
    {
      "epoch": 0.2671118530884808,
      "grad_norm": 9.068327797604296,
      "learning_rate": 1.7286298660705873e-06,
      "logits/chosen": 0.20921941101551056,
      "logits/rejected": 0.21402201056480408,
      "loss": 21.4692,
      "policy_logps/chosen": -75.14395904541016,
      "policy_logps/rejected": -72.21482849121094,
      "referece_logps/chosen": -75.26129150390625,
      "referece_logps/rejected": -71.9275131225586,
      "rewards/accuracies": 0.768750011920929,
      "rewards/chosen": 0.011734552681446075,
      "rewards/margins": 0.04046580567955971,
      "rewards/rejected": -0.028731252998113632,
      "step": 70
    },
    {
      "epoch": 0.30527068924397804,
      "grad_norm": 3.6874193374199447,
      "learning_rate": 1.6385668960932141e-06,
      "logits/chosen": 0.25211769342422485,
      "logits/rejected": 0.2683795690536499,
      "loss": 21.1302,
      "policy_logps/chosen": -76.22944641113281,
      "policy_logps/rejected": -68.77687072753906,
      "referece_logps/chosen": -76.46995544433594,
      "referece_logps/rejected": -68.40464782714844,
      "rewards/accuracies": 0.809374988079071,
      "rewards/chosen": 0.024050595238804817,
      "rewards/margins": 0.0612727515399456,
      "rewards/rejected": -0.037222154438495636,
      "step": 80
    },
    {
      "epoch": 0.3434295253994753,
      "grad_norm": 4.200294755574596,
      "learning_rate": 1.5387476295779736e-06,
      "logits/chosen": 0.21594810485839844,
      "logits/rejected": 0.24085493385791779,
      "loss": 21.1574,
      "policy_logps/chosen": -76.00019836425781,
      "policy_logps/rejected": -69.83251953125,
      "referece_logps/chosen": -76.22062683105469,
      "referece_logps/rejected": -69.45343017578125,
      "rewards/accuracies": 0.7593749761581421,
      "rewards/chosen": 0.02204185724258423,
      "rewards/margins": 0.05995146557688713,
      "rewards/rejected": -0.0379096120595932,
      "step": 90
    },
    {
      "epoch": 0.38158836155497255,
      "grad_norm": 5.540117599967953,
      "learning_rate": 1.430697147718822e-06,
      "logits/chosen": 0.2492303103208542,
      "logits/rejected": 0.2676940858364105,
      "loss": 20.9614,
      "policy_logps/chosen": -73.0869369506836,
      "policy_logps/rejected": -71.4674301147461,
      "referece_logps/chosen": -73.31368255615234,
      "referece_logps/rejected": -70.98197937011719,
      "rewards/accuracies": 0.7875000238418579,
      "rewards/chosen": 0.02267456240952015,
      "rewards/margins": 0.07121872156858444,
      "rewards/rejected": -0.04854416102170944,
      "step": 100
    },
    {
      "epoch": 0.4197471977104698,
      "grad_norm": 12.544017596916287,
      "learning_rate": 1.3160662917174043e-06,
      "logits/chosen": 0.22579796612262726,
      "logits/rejected": 0.23638398945331573,
      "loss": 20.9126,
      "policy_logps/chosen": -76.63410186767578,
      "policy_logps/rejected": -71.13432312011719,
      "referece_logps/chosen": -76.86427307128906,
      "referece_logps/rejected": -70.62606048583984,
      "rewards/accuracies": 0.793749988079071,
      "rewards/chosen": 0.02301696315407753,
      "rewards/margins": 0.07384272664785385,
      "rewards/rejected": -0.050825756043195724,
      "step": 110
    },
    {
      "epoch": 0.45790603386596707,
      "grad_norm": 6.075217456187957,
      "learning_rate": 1.1966064405292886e-06,
      "logits/chosen": 0.2521195709705353,
      "logits/rejected": 0.27629485726356506,
      "loss": 20.8387,
      "policy_logps/chosen": -73.69569396972656,
      "policy_logps/rejected": -66.14706420898438,
      "referece_logps/chosen": -73.92601776123047,
      "referece_logps/rejected": -65.60145568847656,
      "rewards/accuracies": 0.831250011920929,