{
  "best_metric": null,
  "best_model_checkpoint": null,
  "epoch": 0.9997459994919989,
  "eval_steps": -246,
  "global_step": 246,
  "is_hyper_param_search": false,
  "is_local_process_zero": true,
  "is_world_process_zero": true,
  "log_history": [
    {
      "epoch": 0.04064008128016256,
      "grad_norm": 7.387352368642088,
      "learning_rate": 1.9996515418688487e-06,
      "logits/chosen": 0.22264084219932556,
      "logits/rejected": 0.2393721044063568,
      "loss": 0.7025,
      "policy_logps/chosen": -72.19353485107422,
      "policy_logps/rejected": -65.29325103759766,
      "referece_logps/chosen": -72.21261596679688,
      "referece_logps/rejected": -65.28443908691406,
      "rewards/accuracies": 0.3968749940395355,
      "rewards/chosen": 0.0019077323377132416,
      "rewards/margins": 0.0027877434622496367,
      "rewards/rejected": -0.000880011182744056,
      "step": 10
    },
    {
      "epoch": 0.08128016256032512,
      "grad_norm": 4.846131661174353,
      "learning_rate": 1.9874809871741874e-06,
      "logits/chosen": 0.18943852186203003,
      "logits/rejected": 0.2262706458568573,
      "loss": 0.702,
      "policy_logps/chosen": -73.10018157958984,
      "policy_logps/rejected": -65.42280578613281,
      "referece_logps/chosen": -73.10994720458984,
      "referece_logps/rejected": -65.39527130126953,
      "rewards/accuracies": 0.5375000238418579,
      "rewards/chosen": 0.0009772845078259706,
      "rewards/margins": 0.0037311180494725704,
      "rewards/rejected": -0.002753832843154669,
      "step": 20
    },
    {
      "epoch": 0.12192024384048768,
      "grad_norm": 2.7049988899019,
      "learning_rate": 1.958129612410668e-06,
      "logits/chosen": 0.23765115439891815,
      "logits/rejected": 0.2526260018348694,
      "loss": 0.698,
      "policy_logps/chosen": -79.42059326171875,
      "policy_logps/rejected": -71.3854751586914,
      "referece_logps/chosen": -79.5234603881836,
      "referece_logps/rejected": -71.3739242553711,
      "rewards/accuracies": 0.621874988079071,
      "rewards/chosen": 0.010286032222211361,
      "rewards/margins": 0.011439984664320946,
      "rewards/rejected": -0.0011539522092789412,
      "step": 30
    },
    {
      "epoch": 0.16256032512065025,
      "grad_norm": 3.439052525531629,
      "learning_rate": 1.9121080913989878e-06,
      "logits/chosen": 0.23392939567565918,
      "logits/rejected": 0.2471039742231369,
      "loss": 0.6979,
      "policy_logps/chosen": -67.70020294189453,
      "policy_logps/rejected": -64.6824951171875,
      "referece_logps/chosen": -67.7852554321289,
      "referece_logps/rejected": -64.6466293334961,
      "rewards/accuracies": 0.6468750238418579,
      "rewards/chosen": 0.008505414240062237,
      "rewards/margins": 0.01209213025867939,
      "rewards/rejected": -0.003586715552955866,
      "step": 40
    },
    {
      "epoch": 0.2032004064008128,
      "grad_norm": 2.594731964418145,
      "learning_rate": 1.8502171357296142e-06,
      "logits/chosen": 0.20723609626293182,
      "logits/rejected": 0.23581242561340332,
      "loss": 0.6956,
      "policy_logps/chosen": -72.57797241210938,
      "policy_logps/rejected": -67.73748016357422,
      "referece_logps/chosen": -72.69880676269531,
      "referece_logps/rejected": -67.69020080566406,
      "rewards/accuracies": 0.6656249761581421,
      "rewards/chosen": 0.012083274312317371,
      "rewards/margins": 0.016811221837997437,
      "rewards/rejected": -0.0047279479913413525,
      "step": 50
    },
    {
      "epoch": 0.24384048768097535,
      "grad_norm": 9.126534442193623,
      "learning_rate": 1.773533563475053e-06,
      "logits/chosen": 0.24306459724903107,
      "logits/rejected": 0.24475112557411194,
      "loss": 0.6925,
      "policy_logps/chosen": -70.32498168945312,
      "policy_logps/rejected": -64.78458404541016,
      "referece_logps/chosen": -70.47883605957031,
      "referece_logps/rejected": -64.71049499511719,
      "rewards/accuracies": 0.6937500238418579,
      "rewards/chosen": 0.01538587361574173,
      "rewards/margins": 0.02279462106525898,
      "rewards/rejected": -0.007408749312162399,
      "step": 60
    },
    {
      "epoch": 0.28448056896113794,
      "grad_norm": 7.3860908753450385,
      "learning_rate": 1.6833915640265483e-06,
      "logits/chosen": 0.221460223197937,
      "logits/rejected": 0.23828597366809845,
      "loss": 0.6899,
      "policy_logps/chosen": -69.56251525878906,
      "policy_logps/rejected": -67.32587432861328,
      "referece_logps/chosen": -69.7234115600586,
      "referece_logps/rejected": -67.20596313476562,
      "rewards/accuracies": 0.71875,
      "rewards/chosen": 0.016088781878352165,
      "rewards/margins": 0.028079133480787277,
      "rewards/rejected": -0.011990349739789963,
      "step": 70
    },
    {
      "epoch": 0.3251206502413005,
      "grad_norm": 6.5041906819000355,
      "learning_rate": 1.5813594850214597e-06,
      "logits/chosen": 0.22982224822044373,
      "logits/rejected": 0.254513680934906,
      "loss": 0.6841,
      "policy_logps/chosen": -75.13919830322266,
      "policy_logps/rejected": -71.1006088256836,
      "referece_logps/chosen": -75.37826538085938,
      "referece_logps/rejected": -70.93760681152344,
      "rewards/accuracies": 0.7281249761581421,
      "rewards/chosen": 0.023905616253614426,
      "rewards/margins": 0.04020512104034424,
      "rewards/rejected": -0.016299502924084663,
      "step": 80
    },
    {
      "epoch": 0.36576073152146305,
      "grad_norm": 5.9023166885790745,
      "learning_rate": 1.4692125452370662e-06,
      "logits/chosen": 0.22097763419151306,
      "logits/rejected": 0.2675836682319641,
      "loss": 0.6836,
      "policy_logps/chosen": -69.53777313232422,
      "policy_logps/rejected": -60.896629333496094,
      "referece_logps/chosen": -69.79103088378906,
      "referece_logps/rejected": -60.734962463378906,
      "rewards/accuracies": 0.768750011920929,
      "rewards/chosen": 0.02532520517706871,
      "rewards/margins": 0.041491471230983734,
      "rewards/rejected": -0.016166266053915024,
      "step": 90
    },
    {
      "epoch": 0.4064008128016256,
      "grad_norm": 7.550473499757367,
      "learning_rate": 1.3489019482091667e-06,
      "logits/chosen": 0.2710922360420227,
      "logits/rejected": 0.2856976389884949,
      "loss": 0.6771,
      "policy_logps/chosen": -69.85539245605469,
      "policy_logps/rejected": -65.1122055053711,
      "referece_logps/chosen": -70.14936828613281,
      "referece_logps/rejected": -64.85541534423828,
      "rewards/accuracies": 0.7281249761581421,
      "rewards/chosen": 0.029396330937743187,
      "rewards/margins": 0.05507531762123108,
      "rewards/rejected": -0.025678981095552444,
      "step": 100
    },
    {
      "epoch": 0.44704089408178815,
      "grad_norm": 3.679126608912556,
      "learning_rate": 1.2225209339563143e-06,
      "logits/chosen": 0.2262072116136551,
      "logits/rejected": 0.27632221579551697,
      "loss": 0.6711,
      "policy_logps/chosen": -76.19315338134766,
      "policy_logps/rejected": -71.18911743164062,
      "referece_logps/chosen": -76.59283447265625,
      "referece_logps/rejected": -70.9091567993164,
      "rewards/accuracies": 0.7718750238418579,
      "rewards/chosen": 0.03996778279542923,
      "rewards/margins": 0.0679638534784317,
      "rewards/rejected": -0.02799607254564762,
      "step": 110
    },
    {
      "epoch": 0.4876809753619507,
      "grad_norm": 4.5455851249559736,
      "learning_rate": 1.092268359463302e-06,
      "logits/chosen": 0.24546079337596893,
      "logits/rejected": 0.2537204623222351,
      "loss": 0.6666,
      "policy_logps/chosen": -67.69200134277344,
      "policy_logps/rejected": -64.86390686035156,
      "referece_logps/chosen": -68.0986557006836,
      "referece_logps/rejected": -64.4925765991211,
      "rewards/accuracies": 0.828125,
      "rewards/chosen": 0.04066593572497368,