{
  "best_global_step": null,
  "best_metric": null,
  "best_model_checkpoint": null,
  "epoch": 0.9997615072740281,
  "eval_steps": -262,
  "global_step": 262,
  "is_hyper_param_search": false,
  "is_local_process_zero": true,
  "is_world_process_zero": true,
  "log_history": [
    {
      "epoch": 0.038158836155497255,
      "grad_norm": 8.33697126503692,
      "learning_rate": 1.999923511388017e-06,
      "logits/chosen": 0.22484907507896423,
      "logits/rejected": 0.2520805299282074,
      "loss": 22.1766,
      "policy_logps/chosen": -71.95262145996094,
      "policy_logps/rejected": -67.01754760742188,
      "referece_logps/chosen": -71.95579528808594,
      "referece_logps/rejected": -67.01573181152344,
      "rewards/accuracies": 0.39375001192092896,
      "rewards/chosen": 0.0003188835980836302,
      "rewards/margins": 0.0004996019415557384,
      "rewards/rejected": -0.00018071845988743007,
      "step": 10
    },
    {
      "epoch": 0.07631767231099451,
      "grad_norm": 5.229531926734162,
      "learning_rate": 1.990759027734458e-06,
      "logits/chosen": 0.2238963097333908,
      "logits/rejected": 0.24859075248241425,
      "loss": 22.0939,
      "policy_logps/chosen": -71.87521362304688,
      "policy_logps/rejected": -64.47703552246094,
      "referece_logps/chosen": -71.89151763916016,
      "referece_logps/rejected": -64.43645477294922,
      "rewards/accuracies": 0.559374988079071,
      "rewards/chosen": 0.0016301164869219065,
      "rewards/margins": 0.005686944350600243,
      "rewards/rejected": -0.004056828562170267,
      "step": 20
    },
    {
      "epoch": 0.11447650846649177,
      "grad_norm": 3.5081372491410776,
      "learning_rate": 1.96645730641436e-06,
      "logits/chosen": 0.1909579336643219,
      "logits/rejected": 0.2147863358259201,
      "loss": 22.0239,
      "policy_logps/chosen": -78.64521789550781,
      "policy_logps/rejected": -69.59117126464844,
      "referece_logps/chosen": -78.70690155029297,
      "referece_logps/rejected": -69.55170440673828,
      "rewards/accuracies": 0.6187499761581421,
      "rewards/chosen": 0.006168078165501356,
      "rewards/margins": 0.010114697739481926,
      "rewards/rejected": -0.003946620039641857,
      "step": 30
    },
    {
      "epoch": 0.15263534462198902,
      "grad_norm": 10.04281113334653,
      "learning_rate": 1.92738963945841e-06,
      "logits/chosen": 0.227969691157341,
      "logits/rejected": 0.24060216546058655,
      "loss": 21.9496,
      "policy_logps/chosen": -67.73148345947266,
      "policy_logps/rejected": -61.38690185546875,
      "referece_logps/chosen": -67.80500030517578,
      "referece_logps/rejected": -61.3114128112793,
      "rewards/accuracies": 0.6000000238418579,
      "rewards/chosen": 0.0073516941629350185,
      "rewards/margins": 0.014900317415595055,
      "rewards/rejected": -0.007548624183982611,
      "step": 40
    },
    {
      "epoch": 0.19079418077748628,
      "grad_norm": 4.591455657743404,
      "learning_rate": 1.8741529192927526e-06,
      "logits/chosen": 0.18440081179141998,
      "logits/rejected": 0.2178136110305786,
      "loss": 21.8576,
      "policy_logps/chosen": -78.5079574584961,
      "policy_logps/rejected": -73.81478118896484,
      "referece_logps/chosen": -78.60529327392578,
      "referece_logps/rejected": -73.70381164550781,
      "rewards/accuracies": 0.690625011920929,
      "rewards/chosen": 0.00973347295075655,
      "rewards/margins": 0.020831305533647537,
      "rewards/rejected": -0.011097830720245838,
      "step": 50
    },
    {
      "epoch": 0.22895301693298353,
      "grad_norm": 3.234693231694002,
      "learning_rate": 1.8075605191627238e-06,
      "logits/chosen": 0.24031583964824677,
      "logits/rejected": 0.27182823419570923,
      "loss": 21.6927,
      "policy_logps/chosen": -69.77181243896484,
      "policy_logps/rejected": -66.12742614746094,
      "referece_logps/chosen": -69.93209075927734,
      "referece_logps/rejected": -65.97393035888672,
      "rewards/accuracies": 0.7593749761581421,
      "rewards/chosen": 0.016027657315135002,
      "rewards/margins": 0.03137735649943352,
      "rewards/rejected": -0.015349702909588814,
      "step": 60
    },
    {
      "epoch": 0.2671118530884808,
      "grad_norm": 8.752283529106164,
      "learning_rate": 1.7286298660705873e-06,
      "logits/chosen": 0.21080033481121063,
      "logits/rejected": 0.21526768803596497,
      "loss": 21.5835,
      "policy_logps/chosen": -75.05559539794922,
      "policy_logps/rejected": -72.13600158691406,
      "referece_logps/chosen": -75.2321548461914,
      "referece_logps/rejected": -71.9274673461914,
      "rewards/accuracies": 0.7593749761581421,
      "rewards/chosen": 0.017655055969953537,
      "rewards/margins": 0.03850839287042618,
      "rewards/rejected": -0.02085333876311779,
      "step": 70
    },
    {
      "epoch": 0.30527068924397804,
      "grad_norm": 3.203460273154514,
      "learning_rate": 1.6385668960932141e-06,
      "logits/chosen": 0.25350233912467957,
      "logits/rejected": 0.2693920433521271,
      "loss": 21.3315,
      "policy_logps/chosen": -76.14302825927734,
      "policy_logps/rejected": -68.65157318115234,
      "referece_logps/chosen": -76.45516204833984,
      "referece_logps/rejected": -68.40972900390625,
      "rewards/accuracies": 0.796875,
      "rewards/chosen": 0.031213421374559402,
      "rewards/margins": 0.05539935082197189,
      "rewards/rejected": -0.02418592944741249,
      "step": 80
    },
    {
      "epoch": 0.3434295253994753,
      "grad_norm": 4.249627210560252,
      "learning_rate": 1.5387476295779736e-06,
      "logits/chosen": 0.2183249294757843,
      "logits/rejected": 0.2424071729183197,
      "loss": 21.2119,
      "policy_logps/chosen": -75.8810806274414,
      "policy_logps/rejected": -69.73860931396484,
      "referece_logps/chosen": -76.21305084228516,
      "referece_logps/rejected": -69.43376159667969,
      "rewards/accuracies": 0.7875000238418579,
      "rewards/chosen": 0.0331970676779747,
      "rewards/margins": 0.06368125975131989,
      "rewards/rejected": -0.030484188348054886,
      "step": 90
    },
    {
      "epoch": 0.38158836155497255,
      "grad_norm": 3.9916276059780587,
      "learning_rate": 1.430697147718822e-06,
      "logits/chosen": 0.2510073482990265,
      "logits/rejected": 0.2687661051750183,
      "loss": 21.1618,
      "policy_logps/chosen": -72.93441009521484,
      "policy_logps/rejected": -71.28271484375,
      "referece_logps/chosen": -73.27132415771484,
      "referece_logps/rejected": -70.9523696899414,
      "rewards/accuracies": 0.7906249761581421,
      "rewards/chosen": 0.03369178622961044,
      "rewards/margins": 0.06672599166631699,
      "rewards/rejected": -0.03303420543670654,
      "step": 100
    },
    {
      "epoch": 0.4197471977104698,
      "grad_norm": 11.285440505884674,
      "learning_rate": 1.3160662917174043e-06,
      "logits/chosen": 0.22782199084758759,
      "logits/rejected": 0.23808565735816956,
      "loss": 21.099,
      "policy_logps/chosen": -76.48619079589844,
      "policy_logps/rejected": -70.9803466796875,
      "referece_logps/chosen": -76.84259033203125,
      "referece_logps/rejected": -70.62456512451172,
      "rewards/accuracies": 0.778124988079071,
      "rewards/chosen": 0.03563982620835304,
      "rewards/margins": 0.07121800631284714,
      "rewards/rejected": -0.03557819128036499,
      "step": 110
    },
    {
      "epoch": 0.45790603386596707,
      "grad_norm": 5.915214322274894,
      "learning_rate": 1.1966064405292886e-06,
      "logits/chosen": 0.2544040083885193,
      "logits/rejected": 0.2781613767147064,
      "loss": 20.9674,
      "policy_logps/chosen": -73.49961853027344,
      "policy_logps/rejected": -65.96852111816406,
      "referece_logps/chosen": -73.9240493774414,
      "referece_logps/rejected": -65.59226989746094,
      "rewards/accuracies": 0.831250011920929,